USE travel;
SET NAMES utf8mb4;

INSERT INTO users (
  id,
  email,
  password_hash,
  nickname,
  provider,
  status,
  last_login_at,
  created_at,
  updated_at
)
VALUES
  (12001, 'seongsu@travel-master.local', '$2b$12$0PSr8g1Q/dma6RHYMV5Qm.BkZktCAV85oU1412FzmDBPz5OvdVIRC', '성수러버', 'local', 'active', NOW(), NOW(), NOW()),
  (12002, 'nightwalk@travel-master.local', '$2b$12$0PSr8g1Q/dma6RHYMV5Qm.BkZktCAV85oU1412FzmDBPz5OvdVIRC', '야경산책러', 'local', 'active', NOW(), NOW(), NOW()),
  (12003, 'busansea@travel-master.local', '$2b$12$0PSr8g1Q/dma6RHYMV5Qm.BkZktCAV85oU1412FzmDBPz5OvdVIRC', '바다한입', 'local', 'active', NOW(), NOW(), NOW()),
  (12004, 'gangneung@travel-master.local', '$2b$12$0PSr8g1Q/dma6RHYMV5Qm.BkZktCAV85oU1412FzmDBPz5OvdVIRC', '카페헌터', 'local', 'active', NOW(), NOW(), NOW()),
  (12005, 'jejueast@travel-master.local', '$2b$12$0PSr8g1Q/dma6RHYMV5Qm.BkZktCAV85oU1412FzmDBPz5OvdVIRC', '주말드라이버', 'local', 'active', NOW(), NOW(), NOW()),
  (12006, 'gyeongju@travel-master.local', '$2b$12$0PSr8g1Q/dma6RHYMV5Qm.BkZktCAV85oU1412FzmDBPz5OvdVIRC', '역사산책가', 'local', 'active', NOW(), NOW(), NOW()),
  (12007, 'jeonju@travel-master.local', '$2b$12$0PSr8g1Q/dma6RHYMV5Qm.BkZktCAV85oU1412FzmDBPz5OvdVIRC', '한옥취향', 'local', 'active', NOW(), NOW(), NOW()),
  (12008, 'yeosu@travel-master.local', '$2b$12$0PSr8g1Q/dma6RHYMV5Qm.BkZktCAV85oU1412FzmDBPz5OvdVIRC', '밤바다메이트', 'local', 'active', NOW(), NOW(), NOW()),
  (12009, 'sokcho@travel-master.local', '$2b$12$0PSr8g1Q/dma6RHYMV5Qm.BkZktCAV85oU1412FzmDBPz5OvdVIRC', '사진한장', 'local', 'active', NOW(), NOW(), NOW()),
  (12010, 'suwon@travel-master.local', '$2b$12$0PSr8g1Q/dma6RHYMV5Qm.BkZktCAV85oU1412FzmDBPz5OvdVIRC', '느린여행자', 'local', 'active', NOW(), NOW(), NOW())
ON DUPLICATE KEY UPDATE
  nickname = VALUES(nickname),
  status = VALUES(status),
  last_login_at = VALUES(last_login_at),
  updated_at = NOW();

INSERT INTO places (
  id,
  name,
  category,
  category_key,
  address,
  lat,
  lng,
  region,
  provider,
  provider_place_id,
  phone,
  website_url,
  provider_url,
  opening_hours_json,
  raw_payload_json,
  last_synced_at,
  source_type,
  thumbnail_url
)
VALUES
  (22001, '서울숲역', '교통 허브', 'transport', '서울 성동구 왕십리로 지하 77', 37.5445810, 127.0447070, '서울', 'internal', 'seed-seoul-forest-station', NULL, NULL, NULL, NULL, NULL, NOW(), 'seed', NULL),
  (22002, '대림창고', '카페', 'cafe', '서울 성동구 성수이로 78', 37.5447610, 127.0562810, '서울', 'internal', 'seed-daelim-warehouse', NULL, NULL, NULL, JSON_ARRAY('매일 11:00 - 22:00'), NULL, NOW(), 'seed', NULL),
  (22003, '서울숲', '산책', 'activity', '서울 성동구 뚝섬로 273', 37.5443880, 127.0374420, '서울', 'internal', 'seed-seoul-forest', NULL, NULL, NULL, JSON_ARRAY('매일 05:30 - 21:30'), NULL, NOW(), 'seed', NULL),
  (22004, '뚝섬한강공원', '뷰 포인트', 'view', '서울 광진구 강변북로 139', 37.5293100, 127.0660470, '서울', 'internal', 'seed-ttukseom-hangang', NULL, NULL, NULL, JSON_ARRAY('24시간 운영'), NULL, NOW(), 'seed', NULL),
  (22005, '을지로3가역', '교통 허브', 'transport', '서울 중구 을지로 106', 37.5662950, 126.9911340, '서울', 'internal', 'seed-euljiro3ga', NULL, NULL, NULL, NULL, NULL, NOW(), 'seed', NULL),
  (22006, '세운상가', '산책', 'activity', '서울 종로구 청계천로 159', 37.5702430, 126.9920050, '서울', 'internal', 'seed-sewoon', NULL, NULL, NULL, JSON_ARRAY('매일 10:00 - 19:00'), NULL, NOW(), 'seed', NULL),
  (22007, '힙지로 포장마차거리', '뷰 포인트', 'view', '서울 중구 을지로12길 일대', 37.5669700, 126.9926700, '서울', 'internal', 'seed-hipjiro-night', NULL, NULL, NULL, JSON_ARRAY('저녁 방문 추천'), NULL, NOW(), 'seed', NULL),
  (22008, '청계천 광통교', '산책', 'activity', '서울 종로구 서린동 148', 37.5698080, 126.9831220, '서울', 'internal', 'seed-cheonggyecheon', NULL, NULL, NULL, JSON_ARRAY('24시간 운영'), NULL, NOW(), 'seed', NULL),
  (22009, '해운대해수욕장', '뷰 포인트', 'view', '부산 해운대구 우동', 35.1586980, 129.1603840, '부산', 'internal', 'seed-haeundae', NULL, NULL, NULL, JSON_ARRAY('상시 개방'), NULL, NOW(), 'seed', NULL),
  (22010, '해리단길', '카페', 'cafe', '부산 해운대구 우동1로 일대', 35.1632900, 129.1642000, '부산', 'internal', 'seed-haeridan', NULL, NULL, NULL, JSON_ARRAY('점심 이후 방문 추천'), NULL, NOW(), 'seed', NULL),
  (22011, '동백섬', '산책', 'activity', '부산 해운대구 우동 710-1', 35.1548970, 129.1522680, '부산', 'internal', 'seed-dongbaekseom', NULL, NULL, NULL, JSON_ARRAY('매일 05:00 - 24:00'), NULL, NOW(), 'seed', NULL),
  (22012, '광안리해수욕장', '뷰 포인트', 'view', '부산 수영구 광안해변로 219', 35.1531670, 129.1186660, '부산', 'internal', 'seed-gwangalli', NULL, NULL, NULL, JSON_ARRAY('상시 개방'), NULL, NOW(), 'seed', NULL),
  (22013, '민락수변공원', '산책', 'activity', '부산 수영구 민락동 110-29', 35.1545370, 129.1302150, '부산', 'internal', 'seed-millak', NULL, NULL, NULL, JSON_ARRAY('24시간 운영'), NULL, NOW(), 'seed', NULL),
  (22014, '광안대교 뷰포인트', '뷰 포인트', 'view', '부산 수영구 민락동 181-223', 35.1549070, 129.1314900, '부산', 'internal', 'seed-gwangan-bridge-view', NULL, NULL, NULL, JSON_ARRAY('야간 방문 추천'), NULL, NOW(), 'seed', NULL),
  (22015, '강릉역', '교통 허브', 'transport', '강원 강릉시 용지로 176', 37.7641560, 128.8991760, '강릉', 'internal', 'seed-gangneung-station', NULL, NULL, NULL, NULL, NULL, NOW(), 'seed', NULL),
  (22016, '안목해변', '뷰 포인트', 'view', '강원 강릉시 창해로14번길 20-1', 37.7714250, 128.9489200, '강릉', 'internal', 'seed-anmok', NULL, NULL, NULL, JSON_ARRAY('상시 개방'), NULL, NOW(), 'seed', NULL),
  (22017, '보헤미안박이추커피', '카페', 'cafe', '강원 강릉시 사천면 해안로 1107', 37.8403190, 128.8781980, '강릉', 'internal', 'seed-bohemian', NULL, NULL, NULL, JSON_ARRAY('매일 09:00 - 20:00'), NULL, NOW(), 'seed', NULL),
  (22018, '주문진해변', '뷰 포인트', 'view', '강원 강릉시 주문진읍 해안로 1609', 37.9020710, 128.8233150, '강릉', 'internal', 'seed-jumunjin', NULL, NULL, NULL, JSON_ARRAY('상시 개방'), NULL, NOW(), 'seed', NULL),
  (22019, '도깨비 촬영지', '산책', 'activity', '강원 강릉시 주문진읍 주문북로 210', 37.9010360, 128.8224460, '강릉', 'internal', 'seed-goblin', NULL, NULL, NULL, JSON_ARRAY('사진 스팟'), NULL, NOW(), 'seed', NULL),
  (22020, '경포호', '산책', 'activity', '강원 강릉시 경포로 365', 37.7959000, 128.9089000, '강릉', 'internal', 'seed-gyeongpoho', NULL, NULL, NULL, JSON_ARRAY('상시 개방'), NULL, NOW(), 'seed', NULL),
  (22021, '함덕해수욕장', '뷰 포인트', 'view', '제주 제주시 조천읍 조함해안로 525', 33.5434950, 126.6689850, '제주', 'internal', 'seed-hamdeok', NULL, NULL, NULL, JSON_ARRAY('상시 개방'), NULL, NOW(), 'seed', NULL),
  (22022, '김녕해변', '뷰 포인트', 'view', '제주 제주시 구좌읍 해맞이해안로 7', 33.5576580, 126.7593130, '제주', 'internal', 'seed-gimnyeong', NULL, NULL, NULL, JSON_ARRAY('상시 개방'), NULL, NOW(), 'seed', NULL),
  (22023, '비자림', '산책', 'activity', '제주 제주시 구좌읍 비자숲길 55', 33.4888640, 126.8097320, '제주', 'internal', 'seed-bijarim', NULL, NULL, NULL, JSON_ARRAY('매일 09:00 - 18:00'), NULL, NOW(), 'seed', NULL),
  (22024, '성산일출봉', '뷰 포인트', 'view', '제주 서귀포시 성산읍 성산리 1', 33.4589710, 126.9426570, '제주', 'internal', 'seed-seongsan', NULL, NULL, NULL, JSON_ARRAY('매일 07:00 - 20:00'), NULL, NOW(), 'seed', NULL),
  (22025, '광치기해변', '뷰 포인트', 'view', '제주 서귀포시 성산읍 고성리 224-33', 33.4511030, 126.9279910, '제주', 'internal', 'seed-gwangchigi', NULL, NULL, NULL, JSON_ARRAY('일출 시간 추천'), NULL, NOW(), 'seed', NULL),
  (22026, '섭지코지', '산책', 'activity', '제주 서귀포시 성산읍 고성리', 33.4240770, 126.9292560, '제주', 'internal', 'seed-seopjikoji', NULL, NULL, NULL, JSON_ARRAY('상시 개방'), NULL, NOW(), 'seed', NULL),
  (22027, '월정리해변', '카페', 'cafe', '제주 제주시 구좌읍 월정리 33-3', 33.5563500, 126.7958410, '제주', 'internal', 'seed-woljeongri', NULL, NULL, NULL, JSON_ARRAY('카페 거리 방문 추천'), NULL, NOW(), 'seed', NULL),
  (22028, '황리단길', '카페', 'cafe', '경북 경주시 포석로 1080 일대', 35.8341090, 129.2143700, '경주', 'internal', 'seed-hwangridan', NULL, NULL, NULL, JSON_ARRAY('점심 이후 방문 추천'), NULL, NOW(), 'seed', NULL),
  (22029, '첨성대', '뷰 포인트', 'view', '경북 경주시 인왕동 839-1', 35.8346850, 129.2190340, '경주', 'internal', 'seed-cheomseongdae', NULL, NULL, NULL, JSON_ARRAY('야간 조명 추천'), NULL, NOW(), 'seed', NULL),
  (22030, '동궁과 월지', '뷰 포인트', 'view', '경북 경주시 원화로 102', 35.8349960, 129.2268470, '경주', 'internal', 'seed-donggung', NULL, NULL, NULL, JSON_ARRAY('매일 09:00 - 22:00'), NULL, NOW(), 'seed', NULL),
  (22031, '불국사', '산책', 'activity', '경북 경주시 불국로 385', 35.7904310, 129.3319970, '경주', 'internal', 'seed-bulguksa', NULL, NULL, NULL, JSON_ARRAY('매일 09:00 - 18:00'), NULL, NOW(), 'seed', NULL),
  (22032, '석굴암', '뷰 포인트', 'view', '경북 경주시 불국로 873-243', 35.7950090, 129.3496410, '경주', 'internal', 'seed-seokguram', NULL, NULL, NULL, JSON_ARRAY('매일 09:00 - 17:00'), NULL, NOW(), 'seed', NULL),
  (22033, '보문호', '산책', 'activity', '경북 경주시 신평동', 35.8426060, 129.2869660, '경주', 'internal', 'seed-bomunho', NULL, NULL, NULL, JSON_ARRAY('상시 개방'), NULL, NOW(), 'seed', NULL),
  (22034, '전주한옥마을', '산책', 'activity', '전북 전주시 완산구 기린대로 99', 35.8153030, 127.1521120, '전주', 'internal', 'seed-jeonju-hanok', NULL, NULL, NULL, JSON_ARRAY('상시 개방'), NULL, NOW(), 'seed', NULL),
  (22035, '경기전', '산책', 'activity', '전북 전주시 완산구 태조로 44', 35.8150950, 127.1497770, '전주', 'internal', 'seed-gyeonggijeon', NULL, NULL, NULL, JSON_ARRAY('매일 09:00 - 19:00'), NULL, NOW(), 'seed', NULL),
  (22036, '자만벽화마을', '뷰 포인트', 'view', '전북 전주시 완산구 자만동 2-1', 35.8118860, 127.1560710, '전주', 'internal', 'seed-jaman', NULL, NULL, NULL, JSON_ARRAY('도보 이동 추천'), NULL, NOW(), 'seed', NULL),
  (22037, '남부시장 청년몰', '카페', 'cafe', '전북 전주시 완산구 풍남문1길 19-3', 35.8127420, 127.1455770, '전주', 'internal', 'seed-nambu-market', NULL, NULL, NULL, JSON_ARRAY('저녁 방문 추천'), NULL, NOW(), 'seed', NULL),
  (22038, '여수엑스포역', '교통 허브', 'transport', '전남 여수시 망양로 2', 34.7479720, 127.7457020, '여수', 'internal', 'seed-yeosu-station', NULL, NULL, NULL, NULL, NULL, NOW(), 'seed', NULL),
  (22039, '오동도', '산책', 'activity', '전남 여수시 수정동 산1-11', 34.7447110, 127.7674130, '여수', 'internal', 'seed-odongdo', NULL, NULL, NULL, JSON_ARRAY('상시 개방'), NULL, NOW(), 'seed', NULL),
  (22040, '이순신광장', '뷰 포인트', 'view', '전남 여수시 중앙동 383', 34.7391520, 127.7366600, '여수', 'internal', 'seed-yi-square', NULL, NULL, NULL, JSON_ARRAY('야간 산책 추천'), NULL, NOW(), 'seed', NULL),
  (22041, '여수해상케이블카', '뷰 포인트', 'view', '전남 여수시 돌산읍 돌산로 3600-1', 34.7407160, 127.7422110, '여수', 'internal', 'seed-cablecar', NULL, NULL, NULL, JSON_ARRAY('매일 09:30 - 21:30'), NULL, NOW(), 'seed', NULL),
  (22042, '돌산공원', '뷰 포인트', 'view', '전남 여수시 돌산읍 우두리 산1', 34.7413560, 127.7443980, '여수', 'internal', 'seed-dolsan-park', NULL, NULL, NULL, JSON_ARRAY('야경 추천'), NULL, NOW(), 'seed', NULL),
  (22043, '낭만포차거리', '카페', 'cafe', '전남 여수시 하멜로 102', 34.7382230, 127.7442910, '여수', 'internal', 'seed-romantic-pocha', NULL, NULL, NULL, JSON_ARRAY('저녁 방문 추천'), NULL, NOW(), 'seed', NULL),
  (22044, '속초관광수산시장', '카페', 'cafe', '강원 속초시 중앙로147번길 16', 38.2041060, 128.5917860, '속초', 'internal', 'seed-sokcho-market', NULL, NULL, NULL, JSON_ARRAY('점심 이후 방문 추천'), NULL, NOW(), 'seed', NULL),
  (22045, '영금정', '뷰 포인트', 'view', '강원 속초시 영금정로 43', 38.2115220, 128.6006690, '속초', 'internal', 'seed-yeonggeumjeong', NULL, NULL, NULL, JSON_ARRAY('일출 추천'), NULL, NOW(), 'seed', NULL),
  (22046, '외옹치해변', '뷰 포인트', 'view', '강원 속초시 대포동 656-14', 38.1894560, 128.6071880, '속초', 'internal', 'seed-oeongchi', NULL, NULL, NULL, JSON_ARRAY('산책 추천'), NULL, NOW(), 'seed', NULL),
  (22047, '설악산 케이블카', '산책', 'activity', '강원 속초시 설악산로 1085', 38.1736770, 128.4889430, '속초', 'internal', 'seed-seorak-cablecar', NULL, NULL, NULL, JSON_ARRAY('매일 09:00 - 18:00'), NULL, NOW(), 'seed', NULL),
  (22048, '아바이마을', '카페', 'cafe', '강원 속초시 청호동 1228-1', 38.2003370, 128.5952770, '속초', 'internal', 'seed-abai', NULL, NULL, NULL, JSON_ARRAY('식사 방문 추천'), NULL, NOW(), 'seed', NULL),
  (22049, '수원화성', '산책', 'activity', '경기 수원시 장안구 영화동 320-2', 37.2871750, 127.0146040, '수원', 'internal', 'seed-hwaseong', NULL, NULL, NULL, JSON_ARRAY('상시 개방'), NULL, NOW(), 'seed', NULL),
  (22050, '행리단길', '카페', 'cafe', '경기 수원시 팔달구 정조로 825 일대', 37.2817940, 127.0143680, '수원', 'internal', 'seed-haengnidan', NULL, NULL, NULL, JSON_ARRAY('카페 투어 추천'), NULL, NOW(), 'seed', NULL),
  (22051, '화성행궁', '산책', 'activity', '경기 수원시 팔달구 정조로 825', 37.2810120, 127.0154480, '수원', 'internal', 'seed-haenggung', NULL, NULL, NULL, JSON_ARRAY('매일 09:00 - 18:00'), NULL, NOW(), 'seed', NULL),
  (22052, '방화수류정', '뷰 포인트', 'view', '경기 수원시 팔달구 수원천로392번길 44-6', 37.2878150, 127.0208730, '수원', 'internal', 'seed-banghwasuryujeong', NULL, NULL, NULL, JSON_ARRAY('해질녘 추천'), NULL, NOW(), 'seed', NULL)
ON DUPLICATE KEY UPDATE
  name = VALUES(name),
  category = VALUES(category),
  category_key = VALUES(category_key),
  address = VALUES(address),
  lat = VALUES(lat),
  lng = VALUES(lng),
  region = VALUES(region),
  provider = VALUES(provider),
  provider_place_id = VALUES(provider_place_id),
  opening_hours_json = VALUES(opening_hours_json),
  last_synced_at = VALUES(last_synced_at),
  source_type = VALUES(source_type);

INSERT INTO trips (
  id,
  user_id,
  title,
  destination,
  start_date,
  end_date,
  days,
  theme_json,
  status,
  is_public,
  cover_image_url,
  featured_home,
  featured_planner,
  featured_saved
)
VALUES
  (13001, 12001, '성수동 감성 카페와 서울숲 1일 코스', '서울', '2026-06-14', '2026-06-14', 1, JSON_OBJECT('lunchTime', '12:00', 'dinnerTime', '18:30', 'tags', JSON_ARRAY('서울', '성수', '카페', '산책'), 'placeCount', 4, 'travelRegion', 'korea', 'startPoint', JSON_OBJECT('name', '서울숲역', 'address', '서울 성동구 왕십리로 지하 77', 'lat', 37.544581, 'lng', 127.044707), 'endPoint', JSON_OBJECT('name', '뚝섬한강공원', 'address', '서울 광진구 강변북로 139', 'lat', 37.529310, 'lng', 127.066047)), 'published', TRUE, NULL, TRUE, TRUE, FALSE),
  (13002, 12002, '을지로 야경과 포장마차 1일 산책', '서울', '2026-06-20', '2026-06-20', 1, JSON_OBJECT('lunchTime', '12:30', 'dinnerTime', '19:30', 'tags', JSON_ARRAY('서울', '을지로', '야경', '포장마차'), 'placeCount', 4, 'travelRegion', 'korea', 'startPoint', JSON_OBJECT('name', '을지로3가역', 'address', '서울 중구 을지로 106', 'lat', 37.566295, 'lng', 126.991134)), 'published', TRUE, NULL, FALSE, FALSE, FALSE),
  (13003, 12003, '부산 해운대에서 광안리까지 2일 바다 코스', '부산', '2026-07-03', '2026-07-04', 2, JSON_OBJECT('lunchTime', '12:00', 'dinnerTime', '18:40', 'tags', JSON_ARRAY('부산', '해운대', '광안리', '바다'), 'placeCount', 6, 'travelRegion', 'korea', 'startPoint', JSON_OBJECT('name', '해운대해수욕장', 'address', '부산 해운대구 우동', 'lat', 35.158698, 'lng', 129.160384)), 'published', TRUE, NULL, FALSE, FALSE, FALSE),
  (13004, 12004, '강릉 카페 투어와 바다 산책 2일 일정', '강릉', '2026-07-10', '2026-07-11', 2, JSON_OBJECT('lunchTime', '11:50', 'dinnerTime', '18:20', 'tags', JSON_ARRAY('강릉', '카페', '바다', '사진'), 'placeCount', 6, 'travelRegion', 'korea', 'startPoint', JSON_OBJECT('name', '강릉역', 'address', '강원 강릉시 용지로 176', 'lat', 37.764156, 'lng', 128.899176)), 'published', TRUE, NULL, FALSE, FALSE, FALSE),
  (13005, 12005, '제주 동쪽 드라이브 3일 플랜', '제주', '2026-07-18', '2026-07-20', 3, JSON_OBJECT('lunchTime', '12:10', 'dinnerTime', '18:30', 'tags', JSON_ARRAY('제주', '동쪽', '드라이브', '오션뷰'), 'placeCount', 7, 'travelRegion', 'korea', 'startPoint', JSON_OBJECT('name', '함덕해수욕장', 'address', '제주 제주시 조천읍 조함해안로 525', 'lat', 33.543495, 'lng', 126.668985)), 'published', TRUE, NULL, FALSE, FALSE, FALSE),
  (13006, 12006, '경주 황리단길과 유적지 2일 코스', '경주', '2026-08-08', '2026-08-09', 2, JSON_OBJECT('lunchTime', '12:00', 'dinnerTime', '18:00', 'tags', JSON_ARRAY('경주', '황리단길', '유적', '야경'), 'placeCount', 6, 'travelRegion', 'korea', 'startPoint', JSON_OBJECT('name', '황리단길', 'address', '경북 경주시 포석로 1080 일대', 'lat', 35.834109, 'lng', 129.214370)), 'published', TRUE, NULL, FALSE, FALSE, FALSE),
  (13007, 12007, '전주 한옥마을 먹거리 1일 루트', '전주', '2026-08-15', '2026-08-15', 1, JSON_OBJECT('lunchTime', '12:20', 'dinnerTime', '17:50', 'tags', JSON_ARRAY('전주', '한옥', '먹거리', '도보'), 'placeCount', 4, 'travelRegion', 'korea', 'startPoint', JSON_OBJECT('name', '전주한옥마을', 'address', '전북 전주시 완산구 기린대로 99', 'lat', 35.815303, 'lng', 127.152112)), 'published', TRUE, NULL, FALSE, FALSE, FALSE),
  (13008, 12008, '여수 밤바다와 케이블카 2일 코스', '여수', '2026-08-21', '2026-08-22', 2, JSON_OBJECT('lunchTime', '12:00', 'dinnerTime', '19:00', 'tags', JSON_ARRAY('여수', '밤바다', '케이블카', '야경'), 'placeCount', 6, 'travelRegion', 'korea', 'startPoint', JSON_OBJECT('name', '여수엑스포역', 'address', '전남 여수시 망양로 2', 'lat', 34.747972, 'lng', 127.745702)), 'published', TRUE, NULL, FALSE, FALSE, FALSE),
  (13009, 12009, '속초 바다와 시장을 잇는 2일 일정', '속초', '2026-09-04', '2026-09-05', 2, JSON_OBJECT('lunchTime', '12:10', 'dinnerTime', '18:20', 'tags', JSON_ARRAY('속초', '시장', '바다', '사진'), 'placeCount', 5, 'travelRegion', 'korea', 'startPoint', JSON_OBJECT('name', '속초관광수산시장', 'address', '강원 속초시 중앙로147번길 16', 'lat', 38.204106, 'lng', 128.591786)), 'published', TRUE, NULL, FALSE, FALSE, FALSE),
  (13010, 12010, '수원 행궁동 느린 산책 1일 플랜', '수원', '2026-09-12', '2026-09-12', 1, JSON_OBJECT('lunchTime', '12:30', 'dinnerTime', '18:00', 'tags', JSON_ARRAY('수원', '행궁동', '산책', '카페'), 'placeCount', 4, 'travelRegion', 'korea', 'startPoint', JSON_OBJECT('name', '수원화성', 'address', '경기 수원시 장안구 영화동 320-2', 'lat', 37.287175, 'lng', 127.014604)), 'published', TRUE, NULL, FALSE, FALSE, FALSE)
ON DUPLICATE KEY UPDATE
  title = VALUES(title),
  destination = VALUES(destination),
  start_date = VALUES(start_date),
  end_date = VALUES(end_date),
  days = VALUES(days),
  theme_json = VALUES(theme_json),
  status = VALUES(status),
  is_public = VALUES(is_public),
  featured_home = VALUES(featured_home),
  featured_planner = VALUES(featured_planner),
  updated_at = NOW();

INSERT INTO trip_days (id, trip_id, day_number, date, title, notes)
VALUES
  (14001, 13001, 1, '2026-06-14', '1일차 일정', '성수동 감성과 공원 산책을 가볍게 묶은 하루 코스입니다.'),
  (14002, 13002, 1, '2026-06-20', '1일차 일정', '을지로 골목과 야경을 느긋하게 즐기는 루트입니다.'),
  (14003, 13003, 1, '2026-07-03', '1일차 일정', '해운대 주변에서 도보 비중을 높인 첫날 코스입니다.'),
  (14004, 13003, 2, '2026-07-04', '2일차 일정', '광안리 중심으로 야경과 바다 뷰를 묶었습니다.'),
  (14005, 13004, 1, '2026-07-10', '1일차 일정', '강릉역 도착 후 카페와 해변 위주로 이동합니다.'),
  (14006, 13004, 2, '2026-07-11', '2일차 일정', '주문진과 경포호 쪽으로 넘어가는 둘째 날입니다.'),
  (14007, 13005, 1, '2026-07-18', '1일차 일정', '함덕과 김녕 해변으로 시작하는 제주 동쪽 플랜입니다.'),
  (14008, 13005, 2, '2026-07-19', '2일차 일정', '비자림과 성산권을 중심으로 움직입니다.'),
  (14009, 13005, 3, '2026-07-20', '3일차 일정', '오션뷰 카페와 해변 위주로 마무리하는 날입니다.'),
  (14010, 13006, 1, '2026-08-08', '1일차 일정', '황리단길과 도심 유적을 여유 있게 묶은 일정입니다.'),
  (14011, 13006, 2, '2026-08-09', '2일차 일정', '불국사와 석굴암, 보문호를 하루에 연결합니다.'),
  (14012, 13007, 1, '2026-08-15', '1일차 일정', '전주한옥마을 안에서 먹거리와 산책을 함께 보는 루트입니다.'),
  (14013, 13008, 1, '2026-08-21', '1일차 일정', '여수 도착 후 오동도와 광장 중심으로 움직입니다.'),
  (14014, 13008, 2, '2026-08-22', '2일차 일정', '케이블카와 돌산 야경을 핵심으로 둔 일정입니다.'),
  (14015, 13009, 1, '2026-09-04', '1일차 일정', '속초 시내와 바다를 섞은 무난한 첫날 코스입니다.'),
  (14016, 13009, 2, '2026-09-05', '2일차 일정', '설악산과 아바이마을로 이어지는 둘째 날입니다.'),
  (14017, 13010, 1, '2026-09-12', '1일차 일정', '행궁동 골목과 화성 코스를 천천히 걷는 하루입니다.')
ON DUPLICATE KEY UPDATE
  date = VALUES(date),
  title = VALUES(title),
  notes = VALUES(notes),
  updated_at = NOW();

INSERT INTO trip_stops (
  id,
  trip_day_id,
  place_id,
  stop_order,
  arrival_time,
  leave_time,
  transport_type,
  travel_minutes_from_prev,
  distance_km_from_prev,
  congestion_score,
  memo,
  category_label,
  category_key,
  stay_minutes,
  map_x,
  map_y,
  is_forked
)
VALUES
  (15001, 14001, 22001, 1, '10:00:00', '10:20:00', 'subway', 0, 0.00, 28, '출발 지점으로 잡기 좋은 역입니다.', '교통 허브', 'transport', 20, 18.00, 52.00, FALSE),
  (15002, 14001, 22002, 2, '10:40:00', '11:50:00', 'walk', 12, 0.80, 62, '브런치와 커피를 같이 해결하기 좋은 포인트입니다.', '카페', 'cafe', 70, 56.00, 32.00, TRUE),
  (15003, 14001, 22003, 3, '12:15:00', '13:20:00', 'walk', 10, 0.70, 34, '식사 후 바로 이동하기 좋은 산책 코스입니다.', '산책', 'activity', 65, 50.00, 56.00, FALSE),
  (15004, 14001, 22004, 4, '17:50:00', '19:00:00', 'bus', 24, 3.10, 48, '노을 시간대에 맞춰 마지막 포인트로 잡았습니다.', '뷰 포인트', 'view', 70, 63.00, 76.00, FALSE),
  (15005, 14002, 22005, 1, '15:00:00', '15:20:00', 'subway', 0, 0.00, 31, '을지로 도보 루트의 시작점입니다.', '교통 허브', 'transport', 20, 18.00, 52.00, FALSE),
  (15006, 14002, 22006, 2, '15:40:00', '16:40:00', 'walk', 11, 0.60, 45, '전시와 상가 분위기를 같이 보기 좋습니다.', '산책', 'activity', 60, 56.00, 32.00, FALSE),
  (15007, 14002, 22008, 3, '17:10:00', '17:50:00', 'walk', 15, 1.00, 39, '해질 무렵 청계천으로 이동하면 흐름이 자연스럽습니다.', '산책', 'activity', 40, 50.00, 56.00, FALSE),
  (15008, 14002, 22007, 4, '19:10:00', '21:00:00', 'walk', 12, 0.70, 71, '저녁 피크 타임 분위기를 보기 좋은 마무리 지점입니다.', '뷰 포인트', 'view', 110, 63.00, 76.00, TRUE),
  (15009, 14003, 22009, 1, '10:20:00', '11:30:00', 'walk', 0, 0.00, 58, '부산 첫날은 해변에서 천천히 시작하는 편이 좋습니다.', '뷰 포인트', 'view', 70, 18.00, 52.00, FALSE),
  (15010, 14003, 22010, 2, '12:00:00', '13:20:00', 'walk', 14, 0.90, 66, '점심과 카페를 같이 잡기 좋은 구간입니다.', '카페', 'cafe', 80, 56.00, 32.00, TRUE),
  (15011, 14003, 22011, 3, '14:10:00', '15:20:00', 'walk', 18, 1.20, 41, '해운대권 산책 동선에서 빠지지 않는 포인트입니다.', '산책', 'activity', 70, 50.00, 56.00, FALSE),
  (15012, 14004, 22012, 1, '16:00:00', '17:20:00', 'subway', 0, 0.00, 61, '둘째 날 시작을 광안리 쪽으로 잡았습니다.', '뷰 포인트', 'view', 80, 18.00, 52.00, FALSE),
  (15013, 14004, 22013, 2, '17:40:00', '18:40:00', 'walk', 12, 0.80, 52, '간식이나 회 포장 후 쉬어가기 좋습니다.', '산책', 'activity', 60, 56.00, 32.00, FALSE),
  (15014, 14004, 22014, 3, '19:00:00', '20:10:00', 'walk', 9, 0.50, 73, '광안대교 조명이 들어오는 시간에 맞춘 마무리입니다.', '뷰 포인트', 'view', 70, 50.00, 56.00, TRUE),
  (15015, 14005, 22015, 1, '10:00:00', '10:20:00', 'taxi', 0, 0.00, 24, '짐이 있다면 역에서 바로 이동하기 좋습니다.', '교통 허브', 'transport', 20, 18.00, 52.00, FALSE),
  (15016, 14005, 22016, 2, '10:50:00', '12:00:00', 'car', 18, 5.10, 49, '바다를 먼저 보고 카페로 들어가는 흐름입니다.', '뷰 포인트', 'view', 70, 56.00, 32.00, FALSE),
  (15017, 14005, 22017, 3, '12:20:00', '13:40:00', 'car', 15, 7.40, 57, '대표 카페 한 곳을 길게 잡아두었습니다.', '카페', 'cafe', 80, 50.00, 56.00, TRUE),
  (15018, 14006, 22018, 1, '09:40:00', '10:50:00', 'car', 0, 0.00, 37, '이른 시간의 해변 분위기가 좋아 아침 코스로 적합합니다.', '뷰 포인트', 'view', 70, 18.00, 52.00, FALSE),
  (15019, 14006, 22019, 2, '11:05:00', '11:50:00', 'walk', 8, 0.40, 44, '사진 스팟이라 짧게 들러도 만족도가 높습니다.', '산책', 'activity', 45, 56.00, 32.00, FALSE),
  (15020, 14006, 22020, 3, '16:40:00', '18:00:00', 'car', 35, 12.80, 33, '강릉 시내로 돌아와 여유 있게 마무리하는 구성입니다.', '산책', 'activity', 80, 50.00, 56.00, FALSE),
  (15021, 14007, 22021, 1, '10:00:00', '11:10:00', 'car', 0, 0.00, 55, '제주 동쪽 드라이브의 시작점으로 무난합니다.', '뷰 포인트', 'view', 70, 18.00, 52.00, FALSE),
  (15022, 14007, 22022, 2, '11:40:00', '12:30:00', 'car', 14, 9.10, 46, '짧게 들러도 만족도가 높은 해변입니다.', '뷰 포인트', 'view', 50, 56.00, 32.00, FALSE),
  (15023, 14008, 22023, 1, '10:30:00', '12:00:00', 'car', 0, 0.00, 29, '무더운 시간대에는 숲길 코스가 편합니다.', '산책', 'activity', 90, 18.00, 52.00, FALSE),
  (15024, 14008, 22024, 2, '14:20:00', '15:40:00', 'car', 42, 26.20, 63, '제주 동쪽 메인 랜드마크로 배치했습니다.', '뷰 포인트', 'view', 80, 56.00, 32.00, TRUE),
  (15025, 14008, 22025, 3, '16:00:00', '16:50:00', 'car', 7, 2.20, 40, '해안 라인으로 이어지는 마무리 포인트입니다.', '뷰 포인트', 'view', 50, 50.00, 56.00, FALSE),
  (15026, 14009, 22026, 1, '10:20:00', '11:30:00', 'car', 0, 0.00, 45, '절벽과 바다를 같이 보기에 좋은 루트입니다.', '산책', 'activity', 70, 18.00, 52.00, FALSE),
  (15027, 14009, 22027, 2, '12:20:00', '13:40:00', 'car', 25, 16.70, 68, '카페 거리에서 여유 있게 쉬는 시간으로 잡았습니다.', '카페', 'cafe', 80, 56.00, 32.00, TRUE),
  (15028, 14010, 22028, 1, '11:00:00', '12:20:00', 'walk', 0, 0.00, 64, '점심과 카페, 쇼핑을 한 번에 볼 수 있습니다.', '카페', 'cafe', 80, 18.00, 52.00, TRUE),
  (15029, 14010, 22029, 2, '12:45:00', '13:30:00', 'walk', 9, 0.60, 38, '도심 유적이라 이동 부담이 적습니다.', '뷰 포인트', 'view', 45, 56.00, 32.00, FALSE),
  (15030, 14010, 22030, 3, '19:10:00', '20:20:00', 'taxi', 16, 2.10, 67, '야경 시간대를 맞춰 가장 마지막에 배치했습니다.', '뷰 포인트', 'view', 70, 50.00, 56.00, FALSE),
  (15031, 14011, 22031, 1, '09:40:00', '11:20:00', 'car', 0, 0.00, 35, '둘째 날은 외곽 유적지 중심으로 출발합니다.', '산책', 'activity', 100, 18.00, 52.00, FALSE),
  (15032, 14011, 22032, 2, '12:00:00', '13:00:00', 'car', 18, 8.30, 42, '짧게 보고 이동해도 충분한 포인트입니다.', '뷰 포인트', 'view', 60, 56.00, 32.00, FALSE),
  (15033, 14011, 22033, 3, '16:50:00', '18:00:00', 'car', 27, 11.40, 31, '호수 산책으로 일정 밀도를 낮춰 마무리했습니다.', '산책', 'activity', 70, 50.00, 56.00, FALSE),
  (15034, 14012, 22034, 1, '10:30:00', '11:40:00', 'walk', 0, 0.00, 59, '한옥마을 중심 구간이라 초반 체류 시간을 길게 줬습니다.', '산책', 'activity', 70, 18.00, 52.00, FALSE),
  (15035, 14012, 22035, 2, '12:00:00', '12:50:00', 'walk', 7, 0.40, 36, '동선상 크게 벗어나지 않아 묶기 좋습니다.', '산책', 'activity', 50, 56.00, 32.00, FALSE),
  (15036, 14012, 22036, 3, '14:10:00', '15:10:00', 'walk', 15, 0.90, 41, '사진 찍기 좋은 포인트라 오후에 두었습니다.', '뷰 포인트', 'view', 60, 50.00, 56.00, FALSE),
  (15037, 14012, 22037, 4, '17:20:00', '18:40:00', 'walk', 12, 0.80, 72, '저녁 시간대 분위기가 더 살아나는 곳입니다.', '카페', 'cafe', 80, 63.00, 76.00, TRUE),
  (15038, 14013, 22038, 1, '10:10:00', '10:30:00', 'taxi', 0, 0.00, 22, '도착 직후 기준점으로 삼기 좋습니다.', '교통 허브', 'transport', 20, 18.00, 52.00, FALSE),
  (15039, 14013, 22039, 2, '11:00:00', '12:20:00', 'walk', 14, 1.10, 43, '섬 산책 동선이 길지 않아 첫날로 무난합니다.', '산책', 'activity', 80, 56.00, 32.00, FALSE),
  (15040, 14013, 22040, 3, '18:00:00', '19:10:00', 'taxi', 18, 4.20, 66, '야경이 들어오는 시간대가 가장 예쁩니다.', '뷰 포인트', 'view', 70, 50.00, 56.00, TRUE),
  (15041, 14014, 22041, 1, '15:00:00', '16:10:00', 'car', 0, 0.00, 58, '둘째 날 메인 경험으로 잡기 좋습니다.', '뷰 포인트', 'view', 70, 18.00, 52.00, TRUE),
  (15042, 14014, 22042, 2, '16:30:00', '17:20:00', 'walk', 10, 0.60, 39, '케이블카 이후 바로 이어가기 좋습니다.', '뷰 포인트', 'view', 50, 56.00, 32.00, FALSE),
  (15043, 14014, 22043, 3, '19:00:00', '20:30:00', 'car', 18, 4.80, 74, '밤바다 분위기를 제대로 느끼려면 저녁이 좋습니다.', '카페', 'cafe', 90, 50.00, 56.00, FALSE),
  (15044, 14015, 22044, 1, '10:30:00', '11:50:00', 'walk', 0, 0.00, 67, '속초에 도착하면 먼저 먹거리 포인트를 보는 일정입니다.', '카페', 'cafe', 80, 18.00, 52.00, TRUE),
  (15045, 14015, 22045, 2, '12:20:00', '13:10:00', 'walk', 12, 0.90, 34, '시장과 함께 묶기 좋은 바다 포인트입니다.', '뷰 포인트', 'view', 50, 56.00, 32.00, FALSE),
  (15046, 14015, 22046, 3, '17:10:00', '18:20:00', 'car', 20, 5.40, 44, '해질 무렵 산책하기 좋은 코스로 잡았습니다.', '뷰 포인트', 'view', 70, 50.00, 56.00, FALSE),
  (15047, 14016, 22047, 1, '09:30:00', '11:30:00', 'car', 0, 0.00, 49, '둘째 날 오전을 길게 쓰는 것이 만족도가 높습니다.', '산책', 'activity', 120, 18.00, 52.00, TRUE),
  (15048, 14016, 22048, 2, '13:10:00', '14:20:00', 'car', 35, 16.80, 52, '식사와 마을 구경을 같이 하기 좋은 마무리입니다.', '카페', 'cafe', 70, 56.00, 32.00, FALSE),
  (15049, 14017, 22049, 1, '10:00:00', '11:20:00', 'walk', 0, 0.00, 47, '성곽길 산책을 먼저 하고 골목으로 들어가는 흐름입니다.', '산책', 'activity', 80, 18.00, 52.00, FALSE),
  (15050, 14017, 22050, 2, '11:40:00', '13:00:00', 'walk', 10, 0.70, 63, '브런치와 디저트 가게가 많아 체류 시간을 길게 줬습니다.', '카페', 'cafe', 80, 56.00, 32.00, TRUE),
  (15051, 14017, 22051, 3, '13:20:00', '14:30:00', 'walk', 6, 0.30, 38, '행궁동 메인 포인트라 중간에 넣기 좋습니다.', '산책', 'activity', 70, 50.00, 56.00, FALSE),
  (15052, 14017, 22052, 4, '17:40:00', '18:40:00', 'walk', 15, 1.10, 46, '노을 시간대 성곽 뷰가 좋아 마지막 포인트로 둡니다.', '뷰 포인트', 'view', 60, 63.00, 76.00, FALSE)
ON DUPLICATE KEY UPDATE
  trip_day_id = VALUES(trip_day_id),
  place_id = VALUES(place_id),
  stop_order = VALUES(stop_order),
  arrival_time = VALUES(arrival_time),
  leave_time = VALUES(leave_time),
  transport_type = VALUES(transport_type),
  travel_minutes_from_prev = VALUES(travel_minutes_from_prev),
  distance_km_from_prev = VALUES(distance_km_from_prev),
  congestion_score = VALUES(congestion_score),
  memo = VALUES(memo),
  category_label = VALUES(category_label),
  category_key = VALUES(category_key),
  stay_minutes = VALUES(stay_minutes),
  map_x = VALUES(map_x),
  map_y = VALUES(map_y),
  is_forked = VALUES(is_forked);

INSERT INTO trip_analyses (
  id,
  trip_id,
  total_distance_km,
  total_travel_minutes,
  optimization_score,
  fatigue_score,
  warning_json,
  analyzed_at
)
VALUES
  (17001, 13001, 4.60, 46, 93, 26, JSON_ARRAY(JSON_OBJECT('iconKey', 'footprints', 'title', '도보 이동이 긴 편입니다', 'description', '중간 휴식 포인트를 확보해두면 일정이 더 편해집니다.')), NOW()),
  (17002, 13002, 2.30, 38, 95, 20, JSON_ARRAY(), NOW()),
  (17003, 13003, 8.50, 53, 91, 30, JSON_ARRAY(), NOW()),
  (17004, 13004, 26.20, 68, 86, 38, JSON_ARRAY(JSON_OBJECT('iconKey', 'clock', 'title', '이동 시간이 긴 편입니다', 'description', '한두 곳은 여유 장소로 남겨두는 편이 좋습니다.')), NOW()),
  (17005, 13005, 54.20, 88, 84, 46, JSON_ARRAY(JSON_OBJECT('iconKey', 'clock', 'title', '드라이브 일정 비중이 큽니다', 'description', '체크인 시간을 고려해 저녁 이동을 너무 늦추지 않는 편이 좋습니다.')), NOW()),
  (17006, 13006, 22.40, 61, 88, 34, JSON_ARRAY(), NOW()),
  (17007, 13007, 2.10, 34, 94, 19, JSON_ARRAY(), NOW()),
  (17008, 13008, 10.70, 42, 92, 27, JSON_ARRAY(), NOW()),
  (17009, 13009, 23.10, 67, 87, 37, JSON_ARRAY(JSON_OBJECT('iconKey', 'clock', 'title', '이동 간격이 긴 편입니다', 'description', '설악산 쪽은 대기 시간을 고려하는 편이 안전합니다.')), NOW()),
  (17010, 13010, 2.10, 31, 96, 18, JSON_ARRAY(), NOW())
ON DUPLICATE KEY UPDATE
  total_distance_km = VALUES(total_distance_km),
  total_travel_minutes = VALUES(total_travel_minutes),
  optimization_score = VALUES(optimization_score),
  fatigue_score = VALUES(fatigue_score),
  warning_json = VALUES(warning_json),
  analyzed_at = VALUES(analyzed_at);

INSERT INTO community_routes (
  id,
  trip_id,
  author_user_id,
  title,
  description,
  thumbnail_url,
  theme,
  view_count,
  like_count,
  comment_count,
  fork_count,
  status,
  published_at,
  created_at
)
VALUES
  (16001, 13001, 12001, '성수동 감성 카페와 서울숲 1일 코스', '지하철로 이동하기 편하고, 카페와 산책 균형이 좋아서 처음 성수에 가는 사람에게 추천하기 좋은 루트입니다.', NULL, 'cafe', 812, 124, 2, 18, 'published', NOW(), NOW()),
  (16002, 13002, 12002, '을지로 야경과 포장마차 1일 산책', '해 지고 나서 분위기가 훨씬 살아나는 코스라 저녁 일정으로 추천합니다. 도보 이동 위주라 이동 동선도 단순합니다.', NULL, 'urban', 655, 89, 1, 9, 'published', NOW(), NOW()),
  (16003, 13003, 12003, '부산 해운대에서 광안리까지 2일 바다 코스', '첫날은 해운대권, 둘째 날은 광안리권으로 나눠서 이동 부담을 줄였습니다. 바다 뷰를 오래 즐기고 싶을 때 좋습니다.', NULL, 'coast', 1092, 201, 2, 27, 'published', NOW(), NOW()),
  (16004, 13004, 12004, '강릉 카페 투어와 바다 산책 2일 일정', '강릉역 기준으로 움직이기 편하게 짰고, 대표 카페와 해변, 사진 스팟이 골고루 들어가 있습니다.', NULL, 'cafe', 934, 143, 1, 14, 'published', NOW(), NOW()),
  (16005, 13005, 12005, '제주 동쪽 드라이브 3일 플랜', '동쪽에서 무리하지 않고 돌아다니는 흐름으로 짰습니다. 뷰 포인트를 많이 넣되 하루 이동량이 너무 과하지 않게 조정했습니다.', NULL, 'coast', 1425, 286, 2, 31, 'published', NOW(), NOW()),
  (16006, 13006, 12006, '경주 황리단길과 유적지 2일 코스', '도심 감성과 역사 포인트를 같이 보고 싶은 사람에게 잘 맞는 루트입니다. 야경이 예쁜 장소를 일부러 뒤로 배치했습니다.', NULL, 'walking', 776, 116, 1, 11, 'published', NOW(), NOW()),
  (16007, 13007, 12007, '전주 한옥마을 먹거리 1일 루트', '한옥마을 안에서 너무 멀리 벗어나지 않도록 묶었고, 도보 중심으로 움직이기 편한 코스로 구성했습니다.', NULL, 'walking', 541, 74, 0, 6, 'published', NOW(), NOW()),
  (16008, 13008, 12008, '여수 밤바다와 케이블카 2일 코스', '야경 비중이 높은 일정이라 해가 진 뒤가 더 만족스럽습니다. 첫날과 둘째 날 분위기가 달라서 지루하지 않습니다.', NULL, 'coast', 883, 138, 1, 15, 'published', NOW(), NOW()),
  (16009, 13009, 12009, '속초 바다와 시장을 잇는 2일 일정', '시장, 바다, 설악산을 한 번에 담고 싶을 때 무난한 루트입니다. 둘째 날 이동 시간이 길어 오전 출발을 추천합니다.', NULL, 'urban', 701, 97, 1, 12, 'published', NOW(), NOW()),
  (16010, 13010, 12010, '수원 행궁동 느린 산책 1일 플랜', '수원화성에서 시작해 행궁동 카페와 골목을 천천히 보는 하루 루트입니다. 사진 찍기 좋은 지점 위주로 정리했습니다.', NULL, 'urban', 624, 92, 1, 8, 'published', NOW(), NOW())
ON DUPLICATE KEY UPDATE
  title = VALUES(title),
  description = VALUES(description),
  theme = VALUES(theme),
  view_count = VALUES(view_count),
  like_count = VALUES(like_count),
  comment_count = VALUES(comment_count),
  fork_count = VALUES(fork_count),
  status = VALUES(status),
  published_at = VALUES(published_at);

INSERT INTO route_tags (id, community_route_id, tag_name)
VALUES
  (18001, 16001, '서울'),
  (18002, 16001, '성수'),
  (18003, 16001, '카페'),
  (18004, 16002, '을지로'),
  (18005, 16002, '야경'),
  (18006, 16002, '도보'),
  (18007, 16003, '부산'),
  (18008, 16003, '해운대'),
  (18009, 16003, '광안리'),
  (18010, 16004, '강릉'),
  (18011, 16004, '카페'),
  (18012, 16004, '바다'),
  (18013, 16005, '제주'),
  (18014, 16005, '동쪽'),
  (18015, 16005, '드라이브'),
  (18016, 16006, '경주'),
  (18017, 16006, '황리단길'),
  (18018, 16006, '유적'),
  (18019, 16007, '전주'),
  (18020, 16007, '한옥'),
  (18021, 16007, '먹거리'),
  (18022, 16008, '여수'),
  (18023, 16008, '밤바다'),
  (18024, 16008, '케이블카'),
  (18025, 16009, '속초'),
  (18026, 16009, '시장'),
  (18027, 16009, '사진'),
  (18028, 16010, '수원'),
  (18029, 16010, '행궁동'),
  (18030, 16010, '산책')
ON DUPLICATE KEY UPDATE
  tag_name = VALUES(tag_name);

INSERT INTO community_route_comments (
  id,
  community_route_id,
  user_id,
  content,
  status,
  created_at,
  updated_at
)
VALUES
  (19001, 16001, 12010, '성수에서 너무 빡빡하지 않게 돌기 좋아 보여요. 오후 한강공원 넣은 흐름이 좋네요.', 'active', NOW(), NOW()),
  (19002, 16001, 12004, '대림창고 대기만 길지 않으면 거의 그대로 따라가도 괜찮을 것 같아요.', 'active', NOW(), NOW()),
  (19003, 16002, 12001, '을지로는 밤 분위기가 진짜 핵심이라 시간 배치가 좋네요.', 'active', NOW(), NOW()),
  (19004, 16003, 12008, '광안리 둘째 날로 분리한 게 확실히 덜 지칠 것 같아요.', 'active', NOW(), NOW()),
  (19005, 16003, 12009, '민락수변공원에서 쉬는 시간 주는 구성도 괜찮네요.', 'active', NOW(), NOW()),
  (19006, 16004, 12002, '강릉역 기준이라 뚜벅이도 참고하기 좋겠어요.', 'active', NOW(), NOW()),
  (19007, 16005, 12003, '제주 동쪽은 하루에 몰아넣으면 힘든데 3일로 나눈 게 좋네요.', 'active', NOW(), NOW()),
  (19008, 16005, 12006, '광치기해변 시간을 일출 쪽으로 바꾸면 더 좋을 것 같아요.', 'active', NOW(), NOW()),
  (19009, 16006, 12007, '경주 야경 포인트를 뒤로 뺀 구성 마음에 들어요.', 'active', NOW(), NOW()),
  (19010, 16008, 12005, '여수는 밤바다 비중이 높을수록 만족도가 올라가더라고요.', 'active', NOW(), NOW()),
  (19011, 16009, 12004, '속초는 둘째 날 아침 일찍 움직이는 게 진짜 중요하죠.', 'active', NOW(), NOW()),
  (19012, 16010, 12001, '행궁동은 천천히 걷는 느낌이 좋아서 제목이랑 잘 맞네요.', 'active', NOW(), NOW())
ON DUPLICATE KEY UPDATE
  content = VALUES(content),
  status = VALUES(status),
  updated_at = NOW();

INSERT INTO trend_snapshots (
  id,
  title,
  rank_no,
  tag_name,
  region,
  snapshot_date
)
VALUES
  (20001, '성수 연무장길', 1, '팝업', '서울', '2026-06-08'),
  (20002, '강릉 안목해변', 2, '카페', '강릉', '2026-06-08'),
  (20003, '경주 황리단길', 3, '한옥', '경주', '2026-06-08'),
  (20004, '여수 낭만포차거리', 4, '야경', '여수', '2026-06-08')
ON DUPLICATE KEY UPDATE
  title = VALUES(title),
  rank_no = VALUES(rank_no),
  tag_name = VALUES(tag_name),
  region = VALUES(region),
  snapshot_date = VALUES(snapshot_date);
